{"cameraMode":{"drawMode":0,"name":"Shaded","section":"Shading Mode"},"sceneLighting":false,"audioPlay":false,"sceneViewState":{"showFog":true,"showMaterialUpdate":false,"showSkybox":false,"showFlares":true,"showImageEffects":true,"showParticleSystems":true},"in2DMode":false,"pivot":{"x":-2.618234395980835,"y":0.6863893270492554,"z":-2.8574750423431398},"rotation":{"x":-0.0019864882342517378,"y":-0.9966721534729004,"z":0.07971052080392838,"w":-0.02298646979033947},"size":5.009323596954346,"orthographic":false}