{"cameraMode":{"drawMode":0,"name":"Shaded","section":"Shading Mode"},"sceneLighting":true,"audioPlay":false,"sceneViewState":{"showFog":true,"showMaterialUpdate":false,"showSkybox":true,"showFlares":true,"showImageEffects":true,"showParticleSystems":true},"in2DMode":false,"pivot":{"x":-2.7118489742279054,"y":1.6886523962020875,"z":49.97214889526367},"rotation":{"x":-0.0015460330760106445,"y":0.9976523518562317,"z":-0.024261727929115297,"w":-0.06564874947071076},"size":6.283396244049072,"orthographic":false}