{"cameraMode":{"drawMode":0,"name":"Shaded","section":"Shading Mode"},"sceneLighting":false,"audioPlay":false,"sceneViewState":{"showFog":true,"showMaterialUpdate":false,"showSkybox":false,"showFlares":true,"showImageEffects":true,"showParticleSystems":true},"in2DMode":false,"pivot":{"x":-1.7861794233322144,"y":0.4996391832828522,"z":-16.81779670715332},"rotation":{"x":0.0023463598918169739,"y":0.9971217513084412,"z":-0.06740817427635193,"w":0.03470809385180473},"size":14.697385787963868,"orthographic":false}