{"cameraMode":{"drawMode":0,"name":"Shaded","section":"Shading Mode"},"sceneLighting":false,"audioPlay":false,"sceneViewState":{"showFog":true,"showMaterialUpdate":false,"showSkybox":false,"showFlares":true,"showImageEffects":true,"showParticleSystems":true},"in2DMode":false,"pivot":{"x":-3.8769216537475588,"y":2.104769468307495,"z":-4.590056419372559},"rotation":{"x":-0.049197789281606677,"y":-0.6827201843261719,"z":0.046142783015966418,"w":-0.727584958076477},"size":2.1452343463897707,"orthographic":false}