{"cameraMode":{"drawMode":0,"name":"Shaded","section":"Shading Mode"},"sceneLighting":true,"audioPlay":false,"sceneViewState":{"showFog":true,"showMaterialUpdate":false,"showSkybox":true,"showFlares":true,"showImageEffects":true,"showParticleSystems":true},"in2DMode":false,"pivot":{"x":-2.9300477504730226,"y":0.5542181730270386,"z":0.32380324602127077},"rotation":{"x":0.05610344186425209,"y":0.696103572845459,"z":-0.054532915353775027,"w":0.7138290405273438},"size":3.135000228881836,"orthographic":false}